INSERT INTO BILLTYPE (BILL) values ('Electricity Bill'),('Food Expenses'),('Heat and Gas Bill'),('Internet Bill'),('Property Tax'),('Water Bill')
INSERT INTO FUNDER (PHONE_NUMBER, AFFILIATION, FUNDER_NAME, FUNDER_STATE, STREET_ADDRESS, ZIP_CODE) VALUES ('8006009999','Non-Profit','Google','California','1600 Amphitheatre Parkway','94043'),('3102387521','Non-Profit','A Better Future Organization','California','12764 Hope Ave','90002'),('8002738255','Self','Bill Gates','California','98765 Richman Avenue','90210')
INSERT INTO COMMUNITY (COMMUNITY_ID, CAPACITY_MET_PER_YEAR, CITY, HOMES_FILLED, SERVICE_YEARS, COMMUNITY_STATE, STREET_ADDRESS, TOTAL_CAPACITY, VACANT_HOMES) VALUES(1,1,'Long Beach',1,2,'California','123 Main Street',2,1),(2,1,'Los Angeles',1,1,'California','1234 Main Street',16,15)
INSERT INTO EXPENSE (BILLED_YEAR, MONTH, AMOUNT, COMMUNITY_COMMUNITY_ID, TYPEOFBILL_BILL) VALUES (2020,11,110.2,1,'Internet Bill'),(2020,11,70,1,'Water Bill'),(2020,12,70,1,'Water Bill'),(2020,9,5000.8,1,'Food Expenses'),(2020,8,70,1,'Water Bill'),(2020,6,70,1,'Water Bill'),(2020,12,120,1,'Heat and Gas Bill'),(2020,11,120,1,'Heat and Gas Bill'),(2020,10,70,1,'Water Bill'),(2020,6,2250.8,2,'Property Tax'),(2020,10,120,1,'Heat and Gas Bill'),(2020,8,110.26,1,'Internet Bill'),(2020,7,120,1,'Heat and Gas Bill'),(2020,6,120,1,'Heat and Gas Bill'),(2020,10,5000.8,1,'Food Expenses'),(2020,12,110.2,1,'Internet Bill'),(2020,6,110.2,1,'Internet Bill'),(2020,7,70,1,'Water Bill'),(2020,8,5000.8,1,'Food Expenses'),(2020,7,110.2,1,'Internet Bill'),(2020,6,5000.8,1,'Food Expenses'),(2020,12,5000.8,1,'Food Expenses'),(2020,11,5000.8,1,'Food Expenses'),(2020,9,70,1,'Water Bill'),(2020,7,5000.8,1,'Food Expenses'),(2020,10,110.26,1,'Internet Bill'),(2020,9,120,1,'Heat and Gas Bill'),(2020,9,110.2,1,'Internet Bill'),(2020,6,3440.2,1,'Property Tax'),(2020,8,120,1,'Heat and Gas Bill')
INSERT INTO PERSON (APPLICANT_ID, CURRENT_HOUSING_SITUATION, DAYS_W_O_PERMANENT_HOUSING, DOB, FIRST_NAME, GENDER, HOUSING_OFFERED, LAST_NAME) VALUES(1,'Has been living at local shelter.',30,'2000-04-20','George','Male',0,'Costanza'),(2,'First time without housing.',30,'1998-02-11','John','Male',1,'Doe'),(3,'Has been living in her car for a year. Car got towed 3 weeks ago.',365,'1986-01-20','Caio','Female',1,'Hyde'),(4,'Has been living at a foreclosed house with 6 other people.',130,'1970-02-26','Beck','Male',1,'Petersen'),(5,'Has been living in the streets.',459,'1972-01-30','Mandeep','Male',1,'Donald'),(6,'Has been living at campsite.',50,'1971-04-21','Lucille','Female',1,'Lees'),(7,'Has been living at foreclosed house with 6 other people.',129,'1968-12-07','Lewi','Male',1,'Norman'),(8,'Can no longer stay at shelter due to overcapacity.',10,'1976-01-20','Samson','Male',1,'Novak'),(9,'Has been living at local campsite.',187,'1987-10-10','Della','Female',1,'Buck'),(10,'Has been living in storage units and motels.',78,'1974-05-10','Sabrina','Male',1,'Bentley'),(11,'Has been living in a motel.',90,'1966-04-18','Mira','Female',1,'Chambers'),(12,'Has been living at various local shelters and parks.',234,'1973-03-18','Ritik','Male',1,'Mullins'),(13,'Has been living in an abandoned home.',623,'1969-03-17','Zaydan','Male',1,'Spooner'),(14,'Has been living at local shelter.',20,'1988-11-15','Sian','Male',0,'Potter'),(15,'Has been living at local campsite.',126,'1990-12-12','Russell','Male',1,'Ayala'),(16,'Has been out of housing constantly for the past 5 years.',1700,'1986-10-14','Nada','Male',1,'Henry'),(17,'Has been evicted from her apartment.',17,'1967-10-03','Sumayya','Female',0,'Diaz'),(18,'Has been living on friends couches.',20,'1971-01-01','Vlad','Male',0,'Hogg'),(19,'Has been living at the park for about 2 months.',58,'1967-07-25','Brady','Male',1,'Gonzalez'),(20,'Has been living at local shelter.',66,'1955-06-10','Kaylum','Male',1,'Stokes')
INSERT INTO AFTERSTAY (DATE_OF_DEPARTURE,DAYS_OF_OCCUPANCY,GOAL_MET,HOUSING_SECURED,PERSON_APPLICANT_ID) values('2021-01-01',90,1,0,2),('2021-01-17',90,1,0,20),('2021-01-19',90,0,0,12),('2021-01-20',90,1,1,10),('2021-02-17',90,1,1,8),('2021-01-18',90,1,1,5),('2021-01-03',90,0,0,17),('2020-12-29',90,1,1,2),('2021-01-16',90,0,0,7),('2020-12-18',90,1,1,6)
INSERT INTO EMPLOYMENT (TYPE_OF_WORK, COMPANY, HOURLY_WAGE, START_DATE, PERSON_APPLICANT_ID) values('Sales Associate','Rite Aid',11.75,'2020-09-25',13),('Sales Associate','Costco',13.1,'2020-11-07',16),('Server','Jack in the Box',10,'2020-11-07',6),('Code Slave','Apple',25.1,'2020-10-04',2),('Cashier','Shell',12.5,'2020-10-16',15),('Server','McDonalds',11.5,'2020-10-28',12),('Barista','Starbucks',12.1,'2020-12-04',8),('Warehouse Worker','Amazon',15,'2020-12-10',15),('Factory Worker','American Apparel',9,'2020-08-18',20),('Sales Associate','Walmart',13,'2020-11-25',9),('Security','CVS',12,'2020-09-18',13)
INSERT INTO RECOVERYPROGRAM (PROGRAM_NAME) VALUES('Benchmark Recovery Center'),('Enlightened Solutions'),('Ocean Breeze Recovery'),('Phoenix House'),('St. Jude’s Recovery Center')
INSERT INTO PROGRAMENROLLMENT (ENROLLMENTDATE, PERSON_APPLICANT_ID, PROGRAM_PROGRAM_NAME) VALUES('1991-04-21',6,'Benchmark Recovery Center'),('1988-12-07',7,'Enlightened Solutions'),('1996-01-20',8,'Ocean Breeze Recovery'),('2007-10-10',9,'Phoenix House'),('1994-05-10',10,'Benchmark Recovery Center'),('1986-04-18',11,'Enlightened Solutions'),('1993-03-18',12,'Ocean Breeze Recovery'),('1989-03-17',13,'Phoenix House'),('2008-11-15',14,'Benchmark Recovery Center'),('2010-12-12',15,'Enlightened Solutions'),('2006-10-14',16,'Ocean Breeze Recovery')
INSERT INTO TINYHOME (HOUSE_NUM, AVAILABLIE, COMMUNITY_COMMUNITY_ID, RESIDENT_APPLICANT_ID) VALUES(13,0,2,7),(6,0,2,20),(15,0,2,4),(14,0,2,13),(10,0,2,3),(1,0,1,2),(12,0,2,19),(17,0,2,12),(5,1,2,6),(16,0,2,5),(3,0,2,8),(18,0,2,10),(4,1,2,null),(2,1,1,null),(7,0,2,15),(8,0,2,9),(11,0,2,11),(9,0,2,16)
INSERT INTO CONTRIBUTION (DATE_FUNDED, AMOUNT_FUNDED, FUNDER_PHONE_NUMBER, COMMUNITY_COMMUNITY_ID) VALUES('2020-01-01',1000.5,'8002738255',1),('2020-03-01',15000.5,'8002738255',1),('2020-05-11',500.5,'3102387521',2),('2020-01-01',15000.5,'3102387521',2)